Dan,Datum (April),Tip objave,Format,Caption,Hashtags,Napomena
1,1.4.,Proizvod – novi dres,Foto (1 slika),"Novi model je tu. 👕 Koji je tvoj sljedeći dres? ⬇️ Link u biju.","#dresovi #footballdres #hrvatskifootball #nogomet #dresify",Objavi ujutro 10-11h
2,2.4.,Reel – kratki reveal,Reel (5-10s),"Ovaj je brzo otišao zadnji put... 👀 [ime dresа] dostupan — link u biju.","#footballfashion #dresovi #reels #hrvatska",Brzi zoom na dres
3,3.4.,Kupac – UGC / testimonial,Foto + Story,"Svaki tjedan novi vlasnici. Hvala @[korisnik] 🙏 Tvoje narudžbe nas motiviraju.","#dresify #zadovoljnakupac #dresovi",Repostaj foto od kupca
4,4.4.,Anketa (Story only),Story poll,"Što naručuješ sljedeće? 🤔 A) Messi  B) Ronaldo","—",Samo Story — engagement
5,5.4.,Proizvod – dječji set,Foto (1-2 slike),"Tata + sin. Ili samo sin. Svejedno izgleda brutalno. 👦⚽ Dječji set: dres + hlačice — 20€.","#djecjidrresovi #dresovi #poklonzadjecu #nogomet",Subota = obitelji online
6,6.4.,Meme / humor,Foto ili Reel,"Kad prijatelji pitaju gdje si kupio dres 😅 [tag prijatelja koji bi to nosio]","#footballmeme #dresovi #hrvatska #nogomethumor",Nedjelja = casual engagement
7,7.4.,Behind the scenes,Foto ili Reel kratki,"Pakiranje narudžbi za danas. Ako je tvoj tu — stiže ti uskoro 📦","#dresify #narudzba #dostava",Pakiranje = authentic
8,8.4.,Proizvod – retro dres,Foto,"Klasik koji nikad ne izlazi iz mode. 🕹️ Koji je tvoj najdraži retro dres?","#retrodresovi #retrojersey #footballnostalgija #dresovi",Retro = visok engagement
9,9.4.,Edukacija,Karusel (3-5 slajdova),"Kako odabrati veličinu dresa? Vodič za odrasle i djecu 👇","#dresovi #vodicvelikosti #footballdres",Karusel = save & share
10,10.4.,Reel – before/after,Reel,"Obična srijeda vs srijeda s novim dresom 😂⚽","#dresify #footballvibes #reels",Trending audio
11,11.4.,Giveaway najava,Foto + Story,"🎁 GIVEAWAY USKORO! Pratite nas da ne propustite — jedan dres po vašem izboru.","#giveaway #dresovi #dresify #footballgiveaway",Najavi 2-3 dana prije
12,12.4.,Giveaway objava,Foto,"🎁 GIVEAWAY! Osvoji dres po svom izboru (20€ vrijednost).\n\nKako sudjelovati:\n✅ Prati @dresify\n✅ Lajkaj ovu objavu\n✅ Tag 1 prijatelja u komentaru\n\nDobitnik se objavljuje u nedjelju 🙌","#giveaway #dresify #dresovi #poklondres #footballgiveaway",Objavi ujutro
13,13.4.,Proizvod – popularni dres,Foto,"Jedan od naših najprodavanijih modela. Znaš li koji je? ⬇️","#dresovi #bestseller #footballdres #dresify",Engagement pitanje
14,14.4.,UGC ili testimonial,Story + Objava,"'Dres stigao za 2 dana, kvaliteta 10/10' — hvala @[korisnik] 🙏","#dresify #recenzija #zadovoljnikupci",Screenshot WhatsApp recenzije
15,15.4.,Giveaway rezultat,Story + Objava,"I pobjednik je... @[korisnik] 🎉 Čestitke! Dres ide na put 📦\n\nSlijedeći giveaway uskoro — ostani s nama!","#giveaway #pobjednik #dresify",Tag pobjednika
16,16.4.,Proizvod – novi model,Foto,"Nije bio tu prošli tjedan. Sada jest. 👀 Novi model u katalogu — link u biju.","#dresovi #novimodel #footballdres #dresify",
17,17.4.,Reel – unboxing,Reel (15-30s),"POV: Tvoj dres je upravo stigao 📦⚽ [unboxing video]","#unboxing #dresify #dresovi #footballreels",Popularan format
18,18.4.,Edukacija / tip,Karusel,"5 razloga zašto su retro dresovi opet IN 🔥","#retrodresovi #retrojersey #footballfashion",Save-worthy content
19,19.4.,Humor / relatable,Reel ili Foto meme,"Kad izabereš veličinu a onda vidis da je ostalo samo 2 komada 😬 [screenshoot panic]","#dresify #footballhumor #dresovi",
20,20.4.,Proizvod – reprezentacija,Foto,"Ponos se nosi na grudima. 🇭🇷⚽","#hrvatskareprezentacija #modric #dresovi #hrvatska",Emotivno = više engagementa
21,21.4.,Story – Q&A,Story,"Pitate — mi odgovaramo! Pošaljite pitanja o dresovima, dostavi, veličinama...","—",Samo Story
22,22.4.,Behind the scenes,Foto / Reel kratki,"Novi dresovi upravo stigli ✅ Koji vam se više sviđa?","#dresify #novadostava #dresovi",Curiosity hook
23,23.4.,Testimonial,Objava + Story,"Poruka koja je napravila naš dan ☀️ [screenshot recenzije]","#dresify #hvala #kupci",
24,24.4.,Reel – trending audio,Reel,"[Trending audio] + clip dresova jedan za drugim","#reels #dresovi #footballfashion #dresify",Prati trending audio na Reels
25,25.4.,Proizvod – popularni klub,Foto,"Nema tjedna bez jednog od ovih. [klub]. Koji je tvoj izbor? ⬇️","#barcelona #realmadrid #dresovi #dresify",Mention kluba za reach
26,26.4.,Motivacija + sport,Foto sa citatom,"'Dres ne čini igrača. Ali igrača čini dres ljepšim.' 😄⚽","#football #motivacija #dresify",Light humor
27,27.4.,Proizvod – nedeljni hit,Foto,"Ovaj tjedan najprodavaniji je... [naziv dresa] 🏆 Znaš li zašto? ⬇️","#dresify #bestseller #dresovi",
28,28.4.,UGC kampanja,Story + Objava,"Tagni nas u svojoj fotki s dresom i možeš se naći na našem profilu 📸 #MojDresify","#MojDresify #dresify #dresovi",Pokreni branded hashtag
29,29.4.,Humor,Reel / Meme,"Prijatelji koji dijele dres vs prijatelji koji kupe svaki svoji 😂","#footballhumor #dresify #dresovi",
30,30.4.,Recap mjeseca,Karusel,"Travanj u brojkama: X narudžbi, X dresova, X sretnih kupaca 📊 Hvala vam svima!","#dresify #hvala #travanj #dresovi",Personaliziraj s pravim brojevima
